{
	"name": "ISO 8583 v1987 ASCII",
	"fields": {
		"0": {
			"type": "String",
			"length": 4,
			"description": "Message Type Indicator",
			"enc": "ASCII",
			"prefix": "ASCII.Fixed"
		},
		"1": {
			"type": "Bitmap",
			"length": 16,
			"description": "Bitmap",
			"enc": "HexToASCII",
			"prefix": "Hex.Fixed"
		},
		"2": {
			"type": "String",
			"length": 19,
			"description": "Primary Account Number",
			"enc": "ASCII",
			"prefix": "ASCII.LL"
		},
		"3": {
			"type": "Numeric",
			"length": 6,
			"description": "Processing Code",
			"enc": "ASCII",
			"prefix": "ASCII.Fixed",
			"padding": {
				"type": "Left",
				"pad": "0"
			}
		},
		"4": {
			"type": "String",
			"length": 12,
			"description": "Transaction Amount",
			"enc": "ASCII",
			"prefix": "ASCII.Fixed",
			"padding": {
				"type": "Left",
				"pad": "0"
			}
		},
		"5": {
			"type": "String",
			"length": 12,
			"description": "Settlement Amount",
			"enc": "ASCII",
			"prefix": "ASCII.Fixed",
			"padding": {
				"type": "Left",
				"pad": "0"
			}
		},
		"6": {
			"type": "String",
			"length": 12,
			"description": "Billing Amount",
			"enc": "ASCII",
			"prefix": "ASCII.Fixed",
			"padding": {
				"type": "Left",
				"pad": "0"
			}
		},
		"7": {
			"type": "String",
			"length": 10,
			"description": "Transmission Date \u0026 Time",
			"enc": "ASCII",
			"prefix": "ASCII.Fixed"
		},
		"8": {
			"type": "String",
			"length": 8,
			"description": "Billing Fee Amount",
			"enc": "ASCII",
			"prefix": "ASCII.Fixed"
		},
		"9": {
			"type": "String",
			"length": 8,
			"description": "Settlement Conversion Rate",
			"enc": "ASCII",
			"prefix": "ASCII.Fixed"
		},
		"10": {
			"type": "String",
			"length": 8,
			"description": "Cardholder Billing Conversion Rate",
			"enc": "ASCII",
			"prefix": "ASCII.Fixed"
		},
		"11": {
			"type": "String",
			"length": 6,
			"description": "Systems Trace Audit Number (STAN)",
			"enc": "ASCII",
			"prefix": "ASCII.Fixed"
		},
		"12": {
			"type": "String",
			"length": 6,
			"description": "Local Transaction Time",
			"enc": "ASCII",
			"prefix": "ASCII.Fixed"
		},
		"13": {
			"type": "String",
			"length": 4,
			"description": "Local Transaction Date",
			"enc": "ASCII",
			"prefix": "ASCII.Fixed"
		},
		"14": {
			"type": "String",
			"length": 4,
			"description": "Expiration Date",
			"enc": "ASCII",
			"prefix": "ASCII.Fixed"
		},
		"15": {
			"type": "String",
			"length": 4,
			"description": "Settlement Date",
			"enc": "ASCII",
			"prefix": "ASCII.Fixed"
		},
		"16": {
			"type": "String",
			"length": 4,
			"description": "Currency Conversion Date",
			"enc": "ASCII",
			"prefix": "ASCII.Fixed"
		},
		"17": {
			"type": "String",
			"length": 4,
			"description": "Capture Date",
			"enc": "ASCII",
			"prefix": "ASCII.Fixed"
		},
		"18": {
			"type": "String",
			"length": 4,
			"description": "Merchant Type",
			"enc": "ASCII",
			"prefix": "ASCII.Fixed"
		},
		"19": {
			"type": "String",
			"length": 3,
			"description": "Acquiring Institution Country Code",
			"enc": "ASCII",
			"prefix": "ASCII.Fixed"
		},
		"20": {
			"type": "String",
			"length": 3,
			"description": "PAN Extended Country Code",
			"enc": "ASCII",
			"prefix": "ASCII.Fixed"
		},
		"21": {
			"type": "String",
			"length": 3,
			"description": "Forwarding Institution Country Code",
			"enc": "ASCII",
			"prefix": "ASCII.Fixed"
		},
		"22": {
			"type": "String",
			"length": 3,
			"description": "Point of Sale (POS) Entry Mode",
			"enc": "ASCII",
			"prefix": "ASCII.Fixed"
		},
		"23": {
			"type": "String",
			"length": 3,
			"description": "Card Sequence Number (CSN)",
			"enc": "ASCII",
			"prefix": "ASCII.Fixed"
		},
		"24": {
			"type": "String",
			"length": 3,
			"description": "Function Code",
			"enc": "ASCII",
			"prefix": "ASCII.Fixed"
		},
		"25": {
			"type": "String",
			"length": 2,
			"description": "Point of Service Condition Code",
			"enc": "ASCII",
			"prefix": "ASCII.Fixed"
		},
		"26": {
			"type": "String",
			"length": 2,
			"description": "Point of Service PIN Capture Code",
			"enc": "ASCII",
			"prefix": "ASCII.Fixed"
		},
		"27": {
			"type": "String",
			"length": 1,
			"description": "Authorizing Identification Response Length",
			"enc": "ASCII",
			"prefix": "ASCII.Fixed"
		},
		"28": {
			"type": "String",
			"length": 9,
			"description": "Transaction Fee Amount",
			"enc": "ASCII",
			"prefix": "ASCII.Fixed"
		},
		"29": {
			"type": "String",
			"length": 9,
			"description": "Settlement Fee Amount",
			"enc": "ASCII",
			"prefix": "ASCII.Fixed"
		},
		"30": {
			"type": "String",
			"length": 9,
			"description": "Transaction Processing Fee Amount",
			"enc": "ASCII",
			"prefix": "ASCII.Fixed"
		},
		"31": {
			"type": "String",
			"length": 9,
			"description": "Settlement Processing Fee Amount",
			"enc": "ASCII",
			"prefix": "ASCII.Fixed"
		},
		"32": {
			"type": "String",
			"length": 11,
			"description": "Acquiring Institution Identification Code",
			"enc": "ASCII",
			"prefix": "ASCII.LL"
		},
		"33": {
			"type": "String",
			"length": 11,
			"description": "Forwarding Institution Identification Code",
			"enc": "ASCII",
			"prefix": "ASCII.LL"
		},
		"34": {
			"type": "String",
			"length": 28,
			"description": "Extended Primary Account Number",
			"enc": "ASCII",
			"prefix": "ASCII.LL"
		},
		"35": {
			"type": "String",
			"length": 37,
			"description": "Track 2 Data",
			"enc": "ASCII",
			"prefix": "ASCII.LL"
		},
		"36": {
			"type": "String",
			"length": 104,
			"description": "Track 3 Data",
			"enc": "ASCII",
			"prefix": "ASCII.LLL"
		},
		"37": {
			"type": "String",
			"length": 12,
			"description": "Retrieval Reference Number",
			"enc": "ASCII",
			"prefix": "ASCII.Fixed"
		},
		"38": {
			"type": "String",
			"length": 6,
			"description": "Authorization Identification Response",
			"enc": "ASCII",
			"prefix": "ASCII.Fixed"
		},
		"39": {
			"type": "String",
			"length": 2,
			"description": "Response Code",
			"enc": "ASCII",
			"prefix": "ASCII.Fixed"
		},
		"40": {
			"type": "String",
			"length": 3,
			"description": "Service Restriction Code",
			"enc": "ASCII",
			"prefix": "ASCII.Fixed"
		},
		"41": {
			"type": "String",
			"length": 8,
			"description": "Card Acceptor Terminal Identification",
			"enc": "ASCII",
			"prefix": "ASCII.Fixed"
		},
		"42": {
			"type": "String",
			"length": 15,
			"description": "Card Acceptor Identification Code",
			"enc": "ASCII",
			"prefix": "ASCII.Fixed"
		},
		"43": {
			"type": "String",
			"length": 40,
			"description": "Card Acceptor Name/Location",
			"enc": "ASCII",
			"prefix": "ASCII.Fixed"
		},
		"44": {
			"type": "String",
			"length": 99,
			"description": "Additional Data",
			"enc": "ASCII",
			"prefix": "ASCII.LL"
		},
		"45": {
			"type": "String",
			"length": 76,
			"description": "Track 1 Data",
			"enc": "ASCII",
			"prefix": "ASCII.LL"
		},
		"46": {
			"type": "String",
			"length": 999,
			"description": "Additional data (ISO)",
			"enc": "ASCII",
			"prefix": "ASCII.LLL"
		},
		"47": {
			"type": "String",
			"length": 999,
			"description": "Additional data (National)",
			"enc": "ASCII",
			"prefix": "ASCII.LLL"
		},
		"48": {
			"type": "String",
			"length": 999,
			"description": "Additional data (Private)",
			"enc": "ASCII",
			"prefix": "ASCII.LLL"
		},
		"49": {
			"type": "String",
			"length": 3,
			"description": "Transaction Currency Code",
			"enc": "ASCII",
			"prefix": "ASCII.Fixed"
		},
		"50": {
			"type": "String",
			"length": 3,
			"description": "Settlement Currency Code",
			"enc": "ASCII",
			"prefix": "ASCII.Fixed"
		},
		"51": {
			"type": "String",
			"length": 3,
			"description": "Cardholder Billing Currency Code",
			"enc": "ASCII",
			"prefix": "ASCII.Fixed"
		},
		"52": {
			"type": "String",
			"length": 8,
			"description": "PIN Data",
			"enc": "HexToASCII",
			"prefix": "Hex.Fixed"
		},
		"53": {
			"type": "String",
			"length": 16,
			"description": "Security Related Control Information",
			"enc": "ASCII",
			"prefix": "ASCII.Fixed"
		},
		"54": {
			"type": "String",
			"length": 120,
			"description": "Additional Amounts",
			"enc": "ASCII",
			"prefix": "ASCII.LLL"
		},
		"55": {
			"type": "String",
			"length": 999,
			"description": "ICC Data – EMV Having Multiple Tags",
			"enc": "ASCII",
			"prefix": "ASCII.LLL"
		},
		"56": {
			"type": "String",
			"length": 999,
			"description": "Reserved (ISO)",
			"enc": "ASCII",
			"prefix": "ASCII.LLL"
		},
		"57": {
			"type": "String",
			"length": 999,
			"description": "Reserved (National)",
			"enc": "ASCII",
			"prefix": "ASCII.LLL"
		},
		"58": {
			"type": "String",
			"length": 999,
			"description": "Reserved (National)",
			"enc": "ASCII",
			"prefix": "ASCII.LLL"
		},
		"59": {
			"type": "String",
			"length": 999,
			"description": "Reserved (National)",
			"enc": "ASCII",
			"prefix": "ASCII.LLL"
		},
		"60": {
			"type": "String",
			"length": 999,
			"description": "Reserved (National)",
			"enc": "ASCII",
			"prefix": "ASCII.LLL"
		},
		"61": {
			"type": "String",
			"length": 999,
			"description": "Reserved (Private)",
			"enc": "ASCII",
			"prefix": "ASCII.LLL"
		},
		"62": {
			"type": "String",
			"length": 999,
			"description": "Reserved (Private)",
			"enc": "ASCII",
			"prefix": "ASCII.LLL"
		},
		"63": {
			"type": "String",
			"length": 999,
			"description": "Reserved (Private)",
			"enc": "ASCII",
			"prefix": "ASCII.LLL"
		},
		"64": {
			"type": "String",
			"length": 8,
			"description": "Message Authentication Code (MAC)",
			"enc": "HexToASCII",
			"prefix": "Hex.Fixed"
		},
		"90": {
			"type": "String",
			"length": 42,
			"description": "Original Data Elements",
			"enc": "ASCII",
			"prefix": "ASCII.Fixed"
		}
	}
}
